station_id,open_time,last_time,total_sessions,total_energy_kwh,num_evses,provider,latitude,longitude,city,state,station_name,operational_days,operational_years
CP_4-COUNTY_EPA_STATION_1_L,2025-06-14 20:24:00.000,2025-11-09 08:58:00.000,120,5190.066,1,ChargePoint,33.540657,-89.134163,Mathiston,Mississippi,4-COUNTY EPA / STATION 1 (L),147,0.4024640657084189
CP_7SPC_SEVIERVILLE,2023-06-04 11:40:00.000,2025-11-09 23:08:00.000,3529,106414.14,1,ChargePoint,35.867249,-83.564766,Sevierville,Tennessee,7SPC / SEVIERVILLE,889,2.433949349760438
CP_ACEPA_ACE_STATION_1,2025-03-05 20:13:00.000,2025-11-09 16:26:00.000,285,8658.454,1,ChargePoint,34.93623,-88.521034,Corinth,Mississippi,ACEPA / ACE STATION 1,248,0.6789869952087612
CP_ACEPA_ACE_STATION_2,2025-03-09 15:26:00.000,2025-11-09 19:09:00.000,204,6696.008,1,ChargePoint,34.936214,-88.520981,Corinth,Mississippi,ACEPA / ACE STATION 2,245,0.6707734428473648
CP_AEC_STATION_1_L,2024-05-30 10:13:00.000,2025-11-04 15:19:00.000,346,10586.584,1,ChargePoint,36.343761,-83.269989,Bean Station,Tennessee,AEC / STATION #1 (L),523,1.431895961670089
CP_AEC_STATION_2_R,2024-05-30 13:54:00.000,2025-11-09 21:48:00.000,323,10472.807,1,ChargePoint,36.343754,-83.270042,Bean Station,Tennessee,AEC / STATION #2 (R),528,1.4455852156057496
CP_BCES_STATION_1_L,2025-03-27 20:19:00.000,2025-11-09 09:14:00.000,111,3439.649,1,ChargePoint,36.074844,-88.111855,Camden,Tennessee,BCES / STATION 1 (L),226,0.6187542778918549
CP_BCES_STATION_2_R,2025-03-30 11:57:00.000,2025-11-09 20:21:00.000,241,5342.578,1,ChargePoint,36.074764,-88.111847,Camden,Tennessee,BCES / STATION 2 (R),224,0.6132785763175906
CP_BEA_STATION_1_LL,2024-08-16 17:32:00.000,2025-11-08 15:09:00.000,275,8753.09,1,ChargePoint,35.540173,-89.24646,Brownsville,Tennessee,BEA / STATION 1 (LL),448,1.2265571526351813
CP_BEA_STATION_2_LM,2024-08-15 09:11:00.000,2025-11-09 01:31:00.000,207,6778.635,1,ChargePoint,35.540195,-89.24646,Brownsville,Tennessee,BEA / STATION 2 (LM),450,1.2320328542094456
CP_BEA_STATION_3_RM,2024-08-12 12:50:00.000,2025-11-07 20:09:00.000,284,9275.211,1,ChargePoint,35.540226,-89.246445,Brownsville,Tennessee,BEA / STATION 3 (RM),452,1.2375085557837098
CP_BEA_STATION_4_RR,2024-08-13 16:27:00.000,2025-11-03 13:30:00.000,326,10474.222,1,ChargePoint,35.540264,-89.246437,Brownsville,Tennessee,BEA / STATION 4 (RR),446,1.2210814510609171
CP_BRIGHTRIDGE_EV_STATION_1_L,2025-01-11 15:28:00.000,2025-11-09 15:25:00.000,898,28161.287,1,ChargePoint,36.316082,-82.349915,Johnson City,Tennessee,BRIGHTRIDGE EV / STATION 1 (L),301,0.8240930869267625
CP_BRIGHTRIDGE_EV_STATION_2_R,2025-01-09 12:55:00.000,2025-11-09 16:30:00.000,898,29879.257,1,ChargePoint,36.316082,-82.349899,Johnson City,Tennessee,BRIGHTRIDGE EV / STATION 2 (R),304,0.8323066392881588
CP_BRMEMC_STATION_1,2024-07-22 19:52:00.000,2025-11-09 21:56:00.000,750,25465.617,1,ChargePoint,34.876095,-83.959709,Blairsville,Georgia,BRMEMC / STATION 1,475,1.3004791238877482
CP_BRMEMC_STATION_2,2024-07-23 07:37:00.000,2025-11-08 17:39:00.000,1133,39131.135,1,ChargePoint,34.876137,-83.959801,Blairsville,Georgia,BRMEMC / STATION 2,473,1.2950034223134839
CP_BTES_STATION_1_LL,2024-06-30 11:14:00.000,2025-11-07 00:43:00.000,395,13472.085000000001,1,ChargePoint,36.591763,-82.261505,Bristol,Tennessee,BTES / STATION 1 (LL),494,1.352498288843258
CP_BTES_STATION_2_LM,2024-07-07 10:06:00.000,2025-08-05 15:04:00.000,243,9711.575,1,ChargePoint,36.591827,-82.261559,Bristol,Tennessee,BTES / STATION 2 (LM),394,1.0787132101300478
CP_BTES_STATION_3_RM,2024-07-03 14:48:00.000,2025-11-09 19:12:00.000,693,24872.218,1,ChargePoint,36.591862,-82.261597,Bristol,Tennessee,BTES / STATION 3 (RM),494,1.352498288843258
CP_BTES_STATION_4_RR,2024-06-29 18:39:00.000,2025-11-09 13:05:00.000,545,17544.169,1,ChargePoint,36.591892,-82.261612,Bristol,Tennessee,BTES / STATION 4 (RR),497,1.3607118412046544
CP_CLW_5TH_ST_1_L,2024-12-19 10:29:00.000,2025-11-09 15:44:00.000,516,18812.621,1,ChargePoint,33.492546,-88.42704,Columbus,Mississippi,CLW / 5TH ST 1 (L),325,0.8898015058179329
CP_CLW_5TH_ST_2_R,2024-12-19 09:10:00.000,2025-11-09 19:05:00.000,524,21429.132,1,ChargePoint,33.492542,-88.427109,Columbus,Mississippi,CLW / 5TH ST 2 (R),325,0.8898015058179329
CP_CULLMANELECTRIC_STATION1-L,2024-01-26 19:44:00.000,2025-11-09 15:07:00.000,2255,66489.755,1,ChargePoint,34.208065,-86.875031,Cullman,Alabama,CULLMANELECTRIC / STATION1-L,652,1.78507871321013
CP_CULLMANELECTRIC_STATION2-R,2024-01-23 13:58:00.000,2025-11-10 06:35:00.000,2061,63777.854,1,ChargePoint,34.208118,-86.875031,Cullman,Alabama,CULLMANELECTRIC / STATION2-R,656,1.7960301163586585
CP_DECATURDOWNTWN_STATION_1_R,2024-12-06 14:05:00.000,2025-11-10 08:26:00.000,585,20038.332,1,ChargePoint,34.604481,-86.983604,Decatur,Alabama,DECATURDOWNTWN / STATION 1 (R),338,0.9253935660506503
CP_DECATURDOWNTWN_STATION_2_L,2024-12-05 13:32:00.000,2025-11-06 19:45:00.000,575,22058.704,1,ChargePoint,34.604515,-86.983635,Decatur,Alabama,DECATURDOWNTWN / STATION 2 (L),336,0.919917864476386
CP_DOWNTOWN_MURPHY_MBP_STATION_2,2025-06-12 04:57:00.000,2025-11-10 07:38:00.000,305,9706.831,1,ChargePoint,35.087662,-84.032631,Murphy,North Carolina,DOWNTOWN MURPHY / MBP STATION 2,151,0.4134154688569473
CP_DOWNTOWN_MURPHY_MPB_STATION_1,2025-05-04 16:54:00.000,2025-11-09 08:28:00.000,96,2700.142,1,ChargePoint,35.087772,-84.032967,Murphy,North Carolina,DOWNTOWN MURPHY / MPB STATION 1,188,0.5147159479808351
CP_DOWNTOWN_MURPHY_MPB_STATION_2,2025-05-05 03:28:00.000,2025-06-11 18:35:00.000,50,1643.246,1,ChargePoint,35.087807,-84.032997,Murphy,North Carolina,DOWNTOWN MURPHY / MPB STATION 2,37,0.10130047912388775
CP_EBOFG_STATION_1_L,2024-11-10 21:56:00.000,2025-11-07 18:31:00.000,130,3518.364,1,ChargePoint,34.358807,-86.294914,Guntersville,Alabama,EBOFG / STATION 1 (L),361,0.9883641341546886
CP_EBOFG_STATION_2_R,2024-11-23 11:32:00.000,2025-11-09 23:42:00.000,445,13145.531,1,ChargePoint,34.358799,-86.294899,Guntersville,Alabama,EBOFG / STATION 2 (R),351,0.9609856262833676
CP_FPIA_LEFT_STATION,2023-09-07 12:29:00.000,2025-11-09 21:11:00.000,1856,51252.969,1,ChargePoint,34.444248,-85.718925,Fort Payne,Alabama,FPIA / LEFT STATION,794,2.1738535249828885
CP_FPIA_RIGHT_STATION,2023-09-07 12:18:00.000,2025-11-09 16:04:00.000,1735,53531.694,1,ChargePoint,34.444214,-85.718971,Fort Payne,Alabama,FPIA / RIGHT STATION,794,2.1738535249828885
CP_FPU_STATION_1_L,2024-12-05 11:59:00.000,2025-11-08 16:02:00.000,235,7536.651,1,ChargePoint,35.152031,-86.571404,Fayetteville,Tennessee,FPU / STATION 1 (L),338,0.9253935660506503
CP_FPU_STATION_2_R,2024-12-05 12:48:00.000,2025-11-09 16:57:00.000,179,6007.236,1,ChargePoint,35.15205,-86.571404,Fayetteville,Tennessee,FPU / STATION 2 (R),339,0.9281314168377823
CP_GEA-1_STATION_1_L,2025-01-14 11:39:00.000,2025-11-09 11:40:00.000,215,7129.303,1,ChargePoint,36.173256,-82.837776,Greeneville,Tennessee,GEA-1 / STATION 1 (L),299,0.8186173853524983
CP_GEA-1_STATION_1_TA,2022-07-31 03:05:00.000,2025-11-06 20:29:00.000,1708,41810.057,1,ChargePoint,36.32513,-82.835075,Greeneville,Tennessee,GEA-1 / STATION 1 (TA),1194,3.268993839835729
CP_GEA-1_STATION_2_R,2025-01-09 09:14:00.000,2025-11-08 08:35:00.000,119,3680.536,1,ChargePoint,36.173271,-82.83773,Greeneville,Tennessee,GEA-1 / STATION 2 (R),302,0.8268309377138946
CP_HARTSELLE_1_STATION_1_L,2025-01-04 07:15:00.000,2025-11-08 10:30:00.000,89,3522.33,1,ChargePoint,34.444057,-86.935623,Hartselle,Alabama,HARTSELLE 1 / STATION 1 (L),308,0.8432580424366872
CP_HARTSELLE_1_STATION_2_R,2024-10-26 21:30:00.000,2025-11-10 05:25:00.000,204,6885.866,1,ChargePoint,34.443974,-86.935577,Hartselle,Alabama,HARTSELLE 1 / STATION 2 (R),379,1.0376454483230664
CP_HOLSTONELECTRIC_CHURCH_HILL-1,2024-10-19 22:57:00.000,2025-11-09 14:46:00.000,301,10737.984,1,ChargePoint,36.517365,-82.707458,Church Hill,Tennessee,HOLSTONELECTRIC / CHURCH HILL-1,385,1.054072553045859
CP_HOLSTONELECTRIC_CHURCH_HILL-2,2024-10-31 19:55:00.000,2025-11-08 18:23:00.000,413,14271.009,1,ChargePoint,36.517448,-82.707474,Church Hill,Tennessee,HOLSTONELECTRIC / CHURCH HILL-2,372,1.0184804928131417
CP_HUB-CHARGEPOINT_STATION_1_LL,2025-09-10 14:20:00.000,2025-11-09 18:22:00.000,59,2138.567,1,ChargePoint,35.890129,-84.548172,Harriman,Tennessee,HUB-CHARGEPOINT / STATION 1 (LL),60,0.16427104722792607
CP_HUB-CHARGEPOINT_STATION_2_LM,2025-09-13 15:56:00.000,2025-11-06 07:06:00.000,31,1226.739,1,ChargePoint,35.889919,-84.547783,Harriman,Tennessee,HUB-CHARGEPOINT / STATION 2 (LM),53,0.14510609171800137
CP_HUB-CHARGEPOINT_STATION_3_RM,2025-08-28 18:19:00.000,2025-11-09 15:11:00.000,106,3840.622,1,ChargePoint,35.889908,-84.547852,Harriman,Tennessee,HUB-CHARGEPOINT / STATION 3 (RM),72,0.1971252566735113
CP_HUB-CHARGEPOINT_STATION_4_RR,2025-08-30 20:20:00.000,2025-11-08 17:04:00.000,29,914.606,1,ChargePoint,35.889851,-84.547928,Harriman,Tennessee,HUB-CHARGEPOINT / STATION 4 (RR),69,0.188911704312115
CP_I24_EXIT11_STATION_1_LL,2024-06-18 17:34:00.000,2025-11-09 15:49:00.000,752,25953.09,1,ChargePoint,36.523884,-87.223282,Clarksville,Tennessee,I24 EXIT11 / STATION 1 (LL),508,1.3908281998631074
CP_I24_EXIT11_STATION_2_LM,2024-06-19 15:24:00.000,2025-11-09 18:39:00.000,669,21779.719,1,ChargePoint,36.523888,-87.223312,Clarksville,Tennessee,I24 EXIT11 / STATION 2 (LM),508,1.3908281998631074
CP_I24_EXIT11_STATION_3_RM,2024-06-18 12:23:00.000,2025-11-09 21:10:00.000,1081,33037.401,1,ChargePoint,36.523891,-87.223343,Clarksville,Tennessee,I24 EXIT11 / STATION 3 (RM),509,1.3935660506502396
CP_I24_EXIT11_STATION_4_RR,2024-06-18 18:12:00.000,2025-11-09 20:13:00.000,1868,57583.444,1,ChargePoint,36.523895,-87.223366,Clarksville,Tennessee,I24 EXIT11 / STATION 4 (RR),509,1.3935660506502396
CP_LAWRENCEBURG_STATION_1_L,2024-06-14 15:16:00.000,2025-11-09 14:07:00.000,434,13196.79,1,ChargePoint,35.193836,-87.340424,Leoma,Tennessee,LAWRENCEBURG / STATION 1 (L),512,1.4017796030116358
CP_LAWRENCEBURG_STATION_2_R,2024-06-17 13:57:00.000,2025-11-09 11:26:00.000,541,16620.225,1,ChargePoint,35.193806,-87.340462,Leoma,Tennessee,LAWRENCEBURG / STATION 2 (R),509,1.3935660506502396
CP_MES1_STATION_1_L,2025-03-16 12:26:00.000,2025-11-06 15:21:00.000,41,928.319,1,ChargePoint,35.700142,-85.742783,McMinnville,Tennessee,MES1 / STATION 1 (L),235,0.6433949349760438
CP_MES1_STATION_2_R,2025-03-21 18:36:00.000,2025-11-08 19:36:00.000,69,1844.986,1,ChargePoint,35.70145,-85.742897,McMinnville,Tennessee,MES1 / STATION 2 (R),232,0.6351813826146475
CP_MLEC_STATION_1_L_H,2024-07-14 16:11:00.000,2025-11-08 17:01:00.000,192,6225.366,1,ChargePoint,35.54694,-87.552681,Hohenwald,Tennessee,MLEC / STATION 1 (L) H,482,1.319644079397673
CP_MLEC_STATION_1_L_W,2024-12-26 17:49:00.000,2025-11-07 21:10:00.000,165,5855.972,1,ChargePoint,36.082703,-87.797638,Waverly,Tennessee,MLEC / STATION 1 (L) W,316,0.865160848733744
CP_MLEC_STATION_2_R_H,2024-06-23 16:38:00.000,2025-11-09 10:04:00.000,301,7674.045,1,ChargePoint,35.546928,-87.552589,Hohenwald,Tennessee,MLEC / STATION 2 (R) H,503,1.377138945927447
CP_MLEC_STATION_2_R_W,2024-12-30 21:55:00.000,2025-11-05 10:27:00.000,168,6130.992,1,ChargePoint,36.083202,-87.797775,Waverly,Tennessee,MLEC / STATION 2 (R) W,309,0.8459958932238193
CP_MU_STATION_1_L,2025-10-20 15:24:00.000,2025-11-08 12:29:00.000,22,914.3109999999999,1,ChargePoint,36.142998,-83.279999,Morristown,Tennessee,MU / STATION 1 (L),18,0.049281314168377825
CP_NECDC_STATION_1_L,2024-12-22 18:15:00.000,2025-11-09 18:24:00.000,617,22441.118,1,ChargePoint,34.851841,-89.688194,Byhalia,Mississippi,NECDC / STATION 1 (L),322,0.8815879534565366
CP_NECDC_STATION_2_R,2024-12-21 20:31:00.000,2025-11-09 14:02:00.000,552,19082.005,1,ChargePoint,34.852898,-89.689774,Byhalia,Mississippi,NECDC / STATION 2 (R),322,0.8815879534565366
CP_OXFORD_UTL_OXFORD_STA1L,2024-08-22 17:05:00.000,2025-11-09 20:02:00.000,1328,48495.913,1,ChargePoint,34.367867,-89.519547,Oxford,Mississippi,OXFORD UTL / OXFORD STA1(L),444,1.215605749486653
CP_OXFORD_UTL_OXFORD_STA2R,2024-08-21 18:32:00.000,2025-11-09 17:32:00.000,1617,54577.392,1,ChargePoint,34.367966,-89.519547,Oxford,Mississippi,OXFORD UTL / OXFORD STA2(R),444,1.215605749486653
CP_PARIS_BPU_STATION_1L,2024-08-23 18:59:00.000,2025-11-05 17:22:00.000,214,7411.089,1,ChargePoint,36.301228,-88.327324,Paris,Tennessee,PARIS BPU / STATION 1(L),438,1.1991786447638604
CP_PARIS_BPU_STATION_2R,2024-08-23 18:32:00.000,2025-11-05 06:34:00.000,235,7174.786,1,ChargePoint,36.301239,-88.327347,Paris,Tennessee,PARIS BPU / STATION 2(R),438,1.1991786447638604
CP_PEPA_STATION_1,2024-07-02 13:18:00.000,2025-11-10 04:34:00.000,554,21169.477,1,ChargePoint,34.295948,-88.969414,Pontotoc,Mississippi,PEPA / STATION 1,495,1.3552361396303902
CP_PEPA_STATION_2,2024-07-01 16:29:00.000,2025-11-09 11:41:00.000,437,15460.831,1,ChargePoint,34.295979,-88.969414,Pontotoc,Mississippi,PEPA / STATION 2,495,1.3552361396303902
CP_SCOTTSBORO_EPB_SEPB_DCFC_L,2024-09-05 17:06:00.000,2025-11-05 15:24:00.000,469,12699.281,1,ChargePoint,34.673004,-86.029945,Scottsboro,Alabama,SCOTTSBORO EPB / SEPB DCFC (L),425,1.163586584531143
CP_SCOTTSBORO_EPB_SEPB_DCFC_R,2024-09-05 16:48:00.000,2025-11-09 12:30:00.000,654,20682.675,1,ChargePoint,34.673115,-86.030121,Scottsboro,Alabama,SCOTTSBORO EPB / SEPB DCFC (R),429,1.1745379876796715
CP_SES-TN_STATION_1,2024-10-21 16:42:00.000,2025-11-08 17:30:00.000,111,3235.51,1,ChargePoint,35.962025,-85.812798,Smithville,Tennessee,SES-TN / STATION 1,383,1.0485968514715949
CP_SES-TN_STATION_2,2024-10-24 13:58:00.000,2025-11-09 17:35:00.000,111,4161.155,1,ChargePoint,35.96196,-85.812782,Smithville,Tennessee,SES-TN / STATION 2,381,1.0431211498973305
CP_SPRFLD_ELECTRIC_STATION_1_L,2024-12-09 10:32:00.000,2025-11-09 09:24:00.000,288,6904.593,1,ChargePoint,36.510567,-86.8853,Springfield,Tennessee,SPRFLD ELECTRIC / STATION 1 (L),334,0.9144421629021219
CP_SPRFLD_ELECTRIC_STATION_2_R,2024-12-21 23:42:00.000,2025-11-09 10:29:00.000,235,8225.113,1,ChargePoint,36.510609,-86.885162,Springfield,Tennessee,SPRFLD ELECTRIC / STATION 2 (R),322,0.8815879534565366
CP_STARKVILLE_UTIL_STATION_1_L,2025-04-26 02:28:00.000,2025-11-10 01:05:00.000,324,11417.869,1,ChargePoint,33.462845,-88.814827,Starkville,Mississippi,STARKVILLE UTIL / STATION 1 (L),197,0.5393566050650239
CP_STARKVILLE_UTIL_STATION_2_R,2025-04-29 09:10:00.000,2025-11-09 09:08:00.000,366,12942.669,1,ChargePoint,33.462845,-88.814766,Starkville,Mississippi,STARKVILLE UTIL / STATION 2 (R),193,0.5284052019164955
CP_STEMC_STATION_1_L_A,2024-11-29 14:26:00.000,2025-11-09 14:30:00.000,236,8458.35,1,ChargePoint,35.449894,-89.780449,Atoka,Tennessee,STEMC / STATION 1 (L) A,345,0.944558521560575
CP_STEMC_STATION_1_L_H,2024-12-03 13:16:00.000,2025-11-09 16:18:00.000,228,7652.95,1,ChargePoint,35.440834,-88.639297,Henderson,Tennessee,STEMC / STATION 1 (L) H,341,0.9336071184120466
CP_STEMC_STATION_2_R_A,2024-11-27 13:14:00.000,2025-11-07 13:37:00.000,235,9201.658,1,ChargePoint,35.449619,-89.78064,Millington,Tennessee,STEMC / STATION 2 (R) A,345,0.944558521560575
CP_STEMC_STATION_2_R_H,2024-08-29 07:08:00.000,2025-11-06 12:01:00.000,162,5188.977,2,ChargePoint,35.440849,-88.639252,Henderson,Tennessee,STEMC / STATION 2 (R) H,434,1.1882272416153319
CP_SVEC_KIMBALL_1_L,2025-05-05 11:08:00.000,2025-11-09 17:21:00.000,228,6065.07,1,ChargePoint,35.04393,-85.678963,Kimball,Tennessee,SVEC / KIMBALL 1 (L),188,0.5147159479808351
CP_SVEC_KIMBALL_2_R,2025-04-25 18:09:00.000,2025-11-10 08:33:00.000,246,7480.632,1,ChargePoint,35.043957,-85.679008,Kimball,Tennessee,SVEC / KIMBALL 2 (R),198,0.5420944558521561
CP_TOMBIGBEE_STATION_1,2025-04-05 18:38:00.000,2025-11-09 18:27:00.000,363,15446.162,1,ChargePoint,34.299221,-88.705315,Tupelo,Mississippi,TOMBIGBEE / STATION 1,217,0.5941136208076659
CP_TOMBIGBEE_STATION_2,2025-04-06 11:20:00.000,2025-11-09 11:05:00.000,209,8091.308,1,ChargePoint,34.299278,-88.705315,Tupelo,Mississippi,TOMBIGBEE / STATION 2,216,0.5913757700205339
CP_TOMBIGBEE_STATION_3,2025-02-24 16:33:00.000,2025-11-10 08:20:00.000,366,13895.597,1,ChargePoint,34.299389,-88.705193,Tupelo,Mississippi,TOMBIGBEE / STATION 3,258,0.7063655030800822
CP_TOMBIGBEE_STATION_4,2025-02-27 14:12:00.000,2025-11-09 14:23:00.000,479,19327.213,1,ChargePoint,34.299397,-88.705261,Tupelo,Mississippi,TOMBIGBEE / STATION 4,255,0.6981519507186859
CP_TTU_TTU_DC_FAST_1,2022-08-10 09:28:00.000,2025-11-09 18:23:00.000,1459,36789.891,1,ChargePoint,36.176765,-85.511383,Cookeville,Tennessee,TTU / TTU DC FAST 1,1187,3.249828884325804
CP_TUA_NW_ATLANTIC_STATION_1_L,2024-11-13 16:22:00.000,2025-11-09 17:30:00.000,483,15361.394,1,ChargePoint,35.361801,-86.209702,Tullahoma,Tennessee,TUA NW ATLANTIC / STATION 1 (L),361,0.9883641341546886
CP_TUA_NW_ATLANTIC_STATION_2_R,2024-11-13 16:07:00.000,2025-11-09 17:17:00.000,499,16576.173,1,ChargePoint,35.361801,-86.209717,Tullahoma,Tennessee,TUA NW ATLANTIC / STATION 2 (R),361,0.9883641341546886
CP_TWICKENHAM_SQ_HU_-_STATION_1,2025-02-17 18:11:00.000,2025-11-10 08:58:00.000,949,36038.015,1,ChargePoint,34.721924,-86.583496,Huntsville,Alabama,TWICKENHAM SQ / HU - STATION 1,265,0.7255304585900069
CP_TWICKENHAM_SQ_HU_-_STATION_2,2025-02-16 21:44:00.000,2025-11-09 23:04:00.000,799,28376.990999999998,1,ChargePoint,34.721905,-86.583511,Huntsville,Alabama,TWICKENHAM SQ / HU - STATION 2,266,0.7282683093771389
CP_TWICKENHAM_SQ_HU_-_STATION_3,2025-02-16 12:38:00.000,2025-11-09 23:50:00.000,537,19476.774,1,ChargePoint,34.721909,-86.583603,Huntsville,Alabama,TWICKENHAM SQ / HU - STATION 3,266,0.7282683093771389
CP_TWICKENHAM_SQ_HU_-_STATION_4,2025-02-16 10:27:00.000,2025-11-10 07:13:00.000,1607,54463.482,1,ChargePoint,34.721889,-86.58358,Huntsville,Alabama,TWICKENHAM SQ / HU - STATION 4,266,0.7282683093771389
CP_UNION_CITY_STATION_2_R,2025-10-17 14:38:00.000,2025-11-08 15:30:00.000,20,608.25,1,ChargePoint,36.422794,-89.05677,Union City,Tennessee,UNION CITY / STATION 2 (R),22,0.06023271731690623
CP_WCMES_CITYHALL1-L,2024-01-24 15:13:00.000,2025-11-09 20:20:00.000,502,17096.286,1,ChargePoint,36.342487,-88.851303,Martin,Tennessee,WCMES / CITYHALL1-L,655,1.7932922655715264
CP_WCMES_CITYHALL2-R,2024-01-24 12:37:00.000,2025-11-09 12:56:00.000,762,26429.938,1,ChargePoint,36.342426,-88.851303,Martin,Tennessee,WCMES / CITYHALL2-R,655,1.7932922655715264
CP_WRECC_STATION_1,2023-11-10 14:59:00.000,2025-11-09 20:53:00.000,790,24405.869,1,ChargePoint,37.377159,-86.826317,Beaver Dam,Kentucky,WRECC / STATION 1,730,1.998631074606434
CP_WRECC_STATION_2,2023-11-04 17:52:00.000,2025-11-09 22:44:00.000,1965,64217.253,1,ChargePoint,37.377178,-86.826294,Beaver Dam,Kentucky,WRECC / STATION 2,736,2.0150581793292264
"EE_213_Main_St,_Water_Valley",2024-11-13 19:38:58.055,2025-11-09 11:42:03.000,332,13187.6305,2,ElectricEra,,,Water Valley,Mississippi,"213 Main St, Water Valley",360,0.9856262833675564
"EE_555_New_Salem_Hwy,_Murfreesboro",2024-10-02 14:41:49.374,2025-11-09 21:54:24.000,8090,294169.5074,4,ElectricEra,,,Murfreesboro,Tennessee,"555 New Salem Hwy, Murfreesboro",403,1.103353867214237
EVC_K0024970A,2024-11-07 16:04:31.000,2025-11-09 16:25:07.000,589,23280.07,1,EVConnect,,,Sweetwater,Tennessee,K0024970A,367,1.0047912388774811
KP_K0024409A,2025-03-19 16:29:41.493,2025-09-29 13:02:36.663,300,5059.203,4,Kempower,,,Franklin,Tennessee,K0024409A,193,0.5284052019164955
KP_K0024975A,2025-03-19 10:15:59.410,2025-09-30 18:57:35.709,160,4717.744,4,Kempower,,,Franklin,Tennessee,K0024975A,195,0.5338809034907598
KP_K0024986A,2024-11-13 18:43:18.301,2025-09-30 17:22:48.937,1747,69212.726,4,Kempower,,,East Ridge,Tennessee,K0024986A,320,0.8761122518822724
KP_K0027558,2024-03-11 17:56:20.595,2025-09-29 05:10:18.080,274,9042.325,2,Kempower,,,Dandridge,Tennessee,K0027558,566,1.5496235455167693
ZEF_DT-K0024977A1,2024-11-02 13:33:46.000,2025-10-18 15:21:30.000,206,4209.354,1,ZEFNET,,,Knoxville,Tennessee,DT-K0024977A~1,350,0.9582477754962354
ZEF_DT-K0024977A2,2024-10-20 12:06:16.000,2025-11-09 22:11:41.000,3200,100581.791,1,ZEFNET,,,Knoxville,Tennessee,DT-K0024977A~2,385,1.054072553045859
ZEF_DT-K0024977A3,2024-10-19 15:11:13.000,2025-11-09 20:20:36.000,1196,41653.973,1,ZEFNET,,,Knoxville,Tennessee,DT-K0024977A~3,386,1.056810403832991
ZEF_DT-K0024977A4,2024-10-19 13:18:23.000,2025-11-09 16:07:33.000,2835,104283.701,1,ZEFNET,,,Knoxville,Tennessee,DT-K0024977A~4,386,1.056810403832991
ZEF_DT-K0024978A1,2024-10-24 11:07:36.000,2025-10-19 13:27:23.000,1325,48072.584,1,ZEFNET,,,Knoxville,Tennessee,DT-K0024978A~1,360,0.9856262833675564
ZEF_DT-K0024978A2,2024-10-20 20:51:29.000,2025-10-19 10:46:43.000,1889,68588.169,1,ZEFNET,,,Knoxville,Tennessee,DT-K0024978A~2,363,0.9938398357289527
ZEF_DT-K0024978A3,2024-10-22 12:50:31.000,2025-10-19 14:43:58.000,1439,45679.771,1,ZEFNET,,,Knoxville,Tennessee,DT-K0024978A~3,362,0.9911019849418207
ZEF_DT-K0024978A4,2024-10-21 22:38:51.000,2025-10-19 12:02:57.000,2777,96725.91,1,ZEFNET,,,Knoxville,Tennessee,DT-K0024978A~4,362,0.9911019849418207
ZEF_SM-K0024972A1,2024-09-26 05:33:11.000,2025-09-23 16:34:28.000,65,619.09,1,ZEFNET,,,Seymour,Tennessee,SM-K0024972A~1,362,0.9911019849418207
ZEF_SM-K0024972A2,2024-10-01 11:39:49.000,2025-11-09 11:05:36.000,358,11582.145,1,ZEFNET,,,Seymour,Tennessee,SM-K0024972A~2,403,1.103353867214237
ZEF_SM-K0024972A3,2024-09-18 14:58:43.000,2025-11-09 17:15:26.000,1009,30053.814,1,ZEFNET,,,Seymour,Tennessee,SM-K0024972A~3,417,1.1416837782340863
ZEF_SM-K0024972A4,2024-10-01 11:58:29.000,2025-11-08 19:05:26.000,526,17441.085,1,ZEFNET,,,Seymour,Tennessee,SM-K0024972A~4,403,1.103353867214237
ZEF_SM-K0024972A5,2024-09-18 10:07:10.000,2025-11-08 12:14:04.000,391,11438.253,1,ZEFNET,,,Seymour,Tennessee,SM-K0024972A~5,416,1.1389459274469542
ZEF_SM-K0024972A6,2024-09-18 10:23:08.000,2025-11-06 07:33:05.000,76,1499.714,1,ZEFNET,,,Seymour,Tennessee,SM-K0024972A~6,413,1.1307323750855578
